area,ano,acertos,nota_min,nota_max,nota_media
CH,2009,0,300.0,300.0,300.0
CH,2009,1,300.1,337.3,313.25
CH,2009,2,300.2,365.1,321.79
CH,2009,3,300.4,390.8,327.97
CH,2009,4,300.8,406.7,336.94
CH,2009,5,301.1,429.4,346.5
CH,2009,6,301.7,439.5,357.34
CH,2009,7,301.9,461.0,369.21
CH,2009,8,302.6,474.7,382.39
CH,2009,9,304.2,488.6,396.26
CH,2009,10,309.3,500.1,411.01
CH,2009,11,312.5,519.1,427.01
CH,2009,12,315.4,528.5,443.56
CH,2009,13,307.6,544.6,460.43
CH,2009,14,330.6,558.9,477.66
CH,2009,15,323.1,569.6,494.76
CH,2009,16,360.1,583.1,511.09
CH,2009,17,369.0,592.6,526.77
CH,2009,18,358.6,603.9,541.46
CH,2009,19,426.7,612.3,555.19
CH,2009,20,443.9,629.1,567.93
CH,2009,21,477.8,630.7,580.08
CH,2009,22,489.2,642.3,591.42
CH,2009,23,534.8,649.6,602.4
CH,2009,24,541.4,658.8,613.09
CH,2009,25,552.8,668.6,623.32
CH,2009,26,556.8,681.8,633.47
CH,2009,27,583.0,689.7,643.39
CH,2009,28,592.3,695.0,653.36
CH,2009,29,606.6,709.0,663.24
CH,2009,30,619.7,714.9,673.31
CH,2009,31,629.0,727.3,683.18
CH,2009,32,640.8,732.8,693.46
CH,2009,33,652.6,745.5,704.15
CH,2009,34,651.5,762.9,715.07
CH,2009,35,675.3,768.4,726.5
CH,2009,36,685.9,785.4,738.4
CH,2009,37,706.3,794.8,750.92
CH,2009,38,716.3,811.1,763.96
CH,2009,39,730.9,822.3,778.39
CH,2009,40,738.7,833.9,793.29
CH,2009,41,766.6,844.2,810.05
CH,2009,42,787.4,855.6,828.19
CH,2009,43,805.0,864.9,849.98
CH,2009,44,845.9,876.0,867.34
CH,2009,45,887.0,887.0,887.0
CN,2009,0,263.3,263.3,263.3
CN,2009,1,263.3,311.5,276.04
CN,2009,2,263.3,350.9,287.65
CN,2009,3,263.3,376.5,300.09
CN,2009,4,263.4,401.6,313.06
CN,2009,5,263.5,423.2,326.84
CN,2009,6,263.8,442.4,341.59
CN,2009,7,263.7,468.2,357.82
CN,2009,8,264.5,487.1,373.99
CN,2009,9,265.5,505.2,391.05
CN,2009,10,266.9,519.2,408.56
CN,2009,11,269.7,537.2,426.55
CN,2009,12,270.3,552.5,444.75
CN,2009,13,275.9,565.7,463.09
CN,2009,14,275.7,580.5,481.21
CN,2009,15,293.6,594.7,499.45
CN,2009,16,302.8,615.2,517.2
CN,2009,17,308.3,625.0,534.77
CN,2009,18,323.7,635.9,551.98
CN,2009,19,370.2,654.1,568.52
CN,2009,20,386.9,663.6,584.66
CN,2009,21,372.8,674.0,600.15
CN,2009,22,455.8,693.4,615.49
CN,2009,23,465.1,698.9,630.36
CN,2009,24,522.9,711.7,644.93
CN,2009,25,522.9,730.2,659.27
CN,2009,26,544.7,736.4,672.8
CN,2009,27,584.8,749.2,686.24
CN,2009,28,613.0,768.9,698.95
CN,2009,29,634.0,773.0,710.94
CN,2009,30,652.2,779.2,723.03
CN,2009,31,658.0,793.0,734.75
CN,2009,32,678.6,812.4,746.01
CN,2009,33,699.3,816.0,757.36
CN,2009,34,714.1,819.9,768.08
CN,2009,35,728.5,831.2,779.51
CN,2009,36,736.8,841.9,791.31
CN,2009,37,756.5,851.9,802.2
CN,2009,38,758.1,864.3,813.71
CN,2009,39,771.4,873.3,826.73
CN,2009,40,786.9,879.4,839.82
CN,2009,41,806.1,888.5,852.1
CN,2009,42,806.1,897.1,864.29
CN,2009,43,835.7,903.2,880.08
CN,2009,44,852.9,903.2,892.15
CN,2009,45,903.2,903.2,903.2
LC,2009,0,224.3,224.3,224.3
LC,2009,1,224.3,265.3,236.12
LC,2009,2,224.5,295.0,249.02
LC,2009,3,225.0,314.0,260.52
LC,2009,4,225.5,334.0,273.79
LC,2009,5,225.4,359.9,286.52
LC,2009,6,227.3,377.8,301.05
LC,2009,7,229.0,391.2,314.62
LC,2009,8,228.9,403.8,329.34
LC,2009,9,234.0,422.1,344.34
LC,2009,10,236.7,435.2,360.05
LC,2009,11,236.0,449.1,375.7
LC,2009,12,236.5,463.4,391.49
LC,2009,13,254.2,475.9,407.39
LC,2009,14,257.6,490.7,422.96
LC,2009,15,266.7,499.5,438.42
LC,2009,16,307.1,510.6,453.49
LC,2009,17,319.3,557.8,467.88
LC,2009,18,345.2,529.8,481.93
LC,2009,19,371.4,544.6,495.57
LC,2009,20,392.4,552.2,508.64
LC,2009,21,419.7,564.1,521.27
LC,2009,22,424.7,577.6,533.68
LC,2009,23,466.2,584.0,545.75
LC,2009,24,476.9,598.3,557.59
LC,2009,25,501.6,611.1,569.18
LC,2009,26,498.3,620.0,580.68
LC,2009,27,540.9,631.7,592.05
LC,2009,28,538.2,647.7,603.28
LC,2009,29,564.4,667.7,614.6
LC,2009,30,576.7,662.9,625.79
LC,2009,31,588.3,681.0,637.08
LC,2009,32,600.5,693.2,648.43
LC,2009,33,620.6,702.0,660.13
LC,2009,34,630.9,713.9,671.99
LC,2009,35,645.1,727.2,684.14
LC,2009,36,658.8,740.3,697.03
LC,2009,37,671.8,751.4,710.51
LC,2009,38,686.5,764.0,724.72
LC,2009,39,698.5,778.9,739.65
LC,2009,40,718.0,793.5,755.93
LC,2009,41,737.0,807.1,774.42
LC,2009,42,761.9,821.1,793.49
LC,2009,43,794.3,832.2,814.27
LC,2009,44,835.6,835.6,835.6
MT,2009,0,345.9,345.9,345.9
MT,2009,1,345.9,404.5,362.86
MT,2009,2,345.9,450.5,367.94
MT,2009,3,345.9,483.4,378.13
MT,2009,4,345.9,514.1,387.28
MT,2009,5,345.9,540.9,398.17
MT,2009,6,345.9,567.1,410.18
MT,2009,7,346.0,593.0,423.16
MT,2009,8,346.0,614.3,435.52
MT,2009,9,346.6,641.0,450.63
MT,2009,10,347.1,655.1,466.08
MT,2009,11,346.6,671.4,483.67
MT,2009,12,348.0,682.8,502.62
MT,2009,13,347.6,698.7,523.79
MT,2009,14,349.8,702.8,547.61
MT,2009,15,349.6,718.9,574.29
MT,2009,16,355.2,732.7,602.15
MT,2009,17,355.8,743.5,630.43
MT,2009,18,359.2,753.8,656.85
MT,2009,19,382.3,769.7,681.63
MT,2009,20,385.6,773.2,702.07
MT,2009,21,448.8,781.6,719.25
MT,2009,22,486.5,794.7,734.5
MT,2009,23,536.2,802.1,747.45
MT,2009,24,525.0,808.4,759.62
MT,2009,25,690.1,818.1,770.66
MT,2009,26,694.0,823.4,780.89
MT,2009,27,685.9,829.0,790.52
MT,2009,28,737.3,842.2,799.76
MT,2009,29,753.1,847.2,808.6
MT,2009,30,758.3,859.6,817.8
MT,2009,31,775.8,865.2,826.72
MT,2009,32,796.5,870.4,835.88
MT,2009,33,805.6,880.5,845.31
MT,2009,34,804.6,893.4,855.34
MT,2009,35,817.7,906.7,863.57
MT,2009,36,826.5,910.5,875.17
MT,2009,37,845.8,931.3,884.36
MT,2009,38,859.4,940.3,896.4
MT,2009,39,850.5,959.5,906.98
MT,2009,40,882.9,963.6,923.0
MT,2009,41,908.3,974.5,938.54
MT,2009,42,912.1,972.0,943.47
MT,2009,43,945.0,983.2,968.25
MT,2009,44,979.7,985.1,982.4
CH,2015,0,341.2,341.2,341.2
CH,2015,1,341.2,388.1,347.51
CH,2015,2,341.3,417.3,355.78
CH,2015,3,341.4,431.9,363.94
CH,2015,4,341.8,457.7,373.67
CH,2015,5,341.9,470.4,383.89
CH,2015,6,342.3,484.6,394.55
CH,2015,7,343.1,501.7,406.68
CH,2015,8,343.7,517.2,419.38
CH,2015,9,343.9,525.1,433.19
CH,2015,10,349.0,540.8,447.85
CH,2015,11,351.3,548.8,462.93
CH,2015,12,350.0,555.6,478.42
CH,2015,13,350.8,565.0,493.72
CH,2015,14,352.3,575.4,508.92
CH,2015,15,360.8,586.7,523.21
CH,2015,16,371.9,594.7,536.63
CH,2015,17,377.6,599.4,549.18
CH,2015,18,394.2,608.0,560.58
CH,2015,19,424.2,616.7,571.12
CH,2015,20,454.6,627.2,580.68
CH,2015,21,492.7,628.9,589.51
CH,2015,22,500.7,641.6,597.71
CH,2015,23,529.8,643.6,605.41
CH,2015,24,551.1,652.5,612.69
CH,2015,25,562.4,658.2,619.74
CH,2015,26,581.5,662.0,626.58
CH,2015,27,589.3,670.4,633.4
CH,2015,28,598.5,677.0,640.1
CH,2015,29,606.3,682.3,646.88
CH,2015,30,613.8,689.6,653.73
CH,2015,31,616.8,695.2,660.65
CH,2015,32,630.5,701.9,667.89
CH,2015,33,636.8,709.5,675.39
CH,2015,34,643.8,717.2,683.15
CH,2015,35,645.9,722.9,691.42
CH,2015,36,660.4,732.3,700.02
CH,2015,37,668.2,743.3,709.62
CH,2015,38,683.2,750.7,719.98
CH,2015,39,687.6,762.0,731.11
CH,2015,40,702.7,777.5,743.9
CH,2015,41,713.5,793.6,758.16
CH,2015,42,738.2,808.4,774.89
CH,2015,43,758.7,823.3,794.33
CH,2015,44,788.5,837.4,821.25
CH,2015,45,850.6,850.6,850.6
CN,2015,0,336.5,336.5,336.5
CN,2015,1,336.5,380.3,346.34
CN,2015,2,336.5,415.9,354.51
CN,2015,3,336.5,436.3,363.42
CN,2015,4,336.8,454.0,373.37
CN,2015,5,336.7,469.8,383.81
CN,2015,6,337.5,485.4,394.95
CN,2015,7,337.9,500.0,406.55
CN,2015,8,338.9,517.9,419.21
CN,2015,9,339.3,532.8,432.69
CN,2015,10,340.2,545.7,447.07
CN,2015,11,341.0,558.3,462.55
CN,2015,12,344.0,573.6,478.57
CN,2015,13,349.6,581.5,495.32
CN,2015,14,351.1,597.4,512.27
CN,2015,15,356.5,608.1,528.92
CN,2015,16,372.1,620.6,545.13
CN,2015,17,390.5,628.8,560.64
CN,2015,18,420.4,639.4,575.2
CN,2015,19,427.4,646.4,588.39
CN,2015,20,450.4,653.4,600.61
CN,2015,21,516.7,662.0,612.01
CN,2015,22,541.4,665.3,622.44
CN,2015,23,547.5,676.7,632.06
CN,2015,24,572.0,678.1,641.13
CN,2015,25,595.0,686.6,649.68
CN,2015,26,602.1,695.3,657.72
CN,2015,27,618.3,702.2,665.78
CN,2015,28,623.8,706.9,673.65
CN,2015,29,639.0,723.0,681.25
CN,2015,30,644.8,727.1,689.13
CN,2015,31,657.3,736.4,696.79
CN,2015,32,663.3,752.5,704.83
CN,2015,33,676.6,758.1,712.93
CN,2015,34,673.5,768.9,721.43
CN,2015,35,689.8,771.6,729.81
CN,2015,36,699.8,782.9,739.21
CN,2015,37,712.4,792.8,749.61
CN,2015,38,723.5,798.6,759.63
CN,2015,39,732.4,830.5,771.86
CN,2015,40,733.4,839.2,783.46
CN,2015,41,755.4,853.8,797.1
CN,2015,42,777.8,861.3,814.52
CN,2015,43,789.7,868.8,833.34
CN,2015,44,830.4,875.0,857.25
CN,2015,45,875.2,875.2,875.2
LC,2015,0,303.3,305.2,304.24
LC,2015,1,303.3,338.1,310.15
LC,2015,2,303.3,362.1,317.45
LC,2015,3,303.3,382.7,326.52
LC,2015,4,303.6,401.2,335.94
LC,2015,5,304.1,421.4,345.77
LC,2015,6,304.5,438.3,356.57
LC,2015,7,305.0,448.1,368.68
LC,2015,8,305.8,462.3,381.57
LC,2015,9,308.0,471.9,395.16
LC,2015,10,308.0,481.5,409.45
LC,2015,11,312.2,495.0,423.94
LC,2015,12,315.6,505.1,438.3
LC,2015,13,316.5,514.0,452.18
LC,2015,14,320.9,521.2,465.44
LC,2015,15,327.3,531.3,477.95
LC,2015,16,336.8,543.3,489.66
LC,2015,17,355.7,551.1,500.57
LC,2015,18,350.0,559.9,510.77
LC,2015,19,367.5,567.6,520.41
LC,2015,20,421.6,574.5,529.54
LC,2015,21,448.3,582.0,538.25
LC,2015,22,472.8,589.4,546.67
LC,2015,23,478.3,594.0,554.72
LC,2015,24,500.7,601.7,562.6
LC,2015,25,503.0,609.9,570.25
LC,2015,26,516.9,618.2,577.97
LC,2015,27,525.9,626.6,585.65
LC,2015,28,539.3,632.8,593.38
LC,2015,29,546.7,642.1,601.38
LC,2015,30,548.7,647.9,609.6
LC,2015,31,558.5,656.5,618.2
LC,2015,32,567.8,664.5,627.21
LC,2015,33,576.2,671.2,636.64
LC,2015,34,577.5,680.2,646.81
LC,2015,35,592.3,689.1,657.56
LC,2015,36,600.7,703.5,669.15
LC,2015,37,614.6,713.5,682.12
LC,2015,38,628.3,728.4,695.99
LC,2015,39,644.3,744.9,711.66
LC,2015,40,665.1,768.4,729.14
LC,2015,41,701.7,781.9,747.65
LC,2015,42,712.6,810.7,768.07
LC,2015,43,769.2,825.8,794.96
LC,2015,44,822.3,822.3,822.3
MT,2015,0,311.6,311.6,311.6
MT,2015,1,311.6,353.4,322.02
MT,2015,2,311.6,397.2,329.62
MT,2015,3,311.6,428.4,338.14
MT,2015,4,311.8,457.2,347.76
MT,2015,5,312.1,479.1,358.35
MT,2015,6,312.3,501.4,369.93
MT,2015,7,312.6,523.8,382.43
MT,2015,8,313.2,543.7,395.88
MT,2015,9,313.1,574.0,410.15
MT,2015,10,314.8,596.6,426.67
MT,2015,11,315.3,615.3,445.21
MT,2015,12,318.0,803.7,465.47
MT,2015,13,319.6,643.8,488.21
MT,2015,14,322.2,658.9,513.34
MT,2015,15,326.4,668.6,540.25
MT,2015,16,330.9,687.7,567.56
MT,2015,17,332.7,695.0,594.2
MT,2015,18,341.1,706.2,619.0
MT,2015,19,360.3,724.1,641.02
MT,2015,20,358.2,731.9,660.59
MT,2015,21,430.0,745.3,678.23
MT,2015,22,483.7,756.2,694.29
MT,2015,23,533.2,765.0,709.44
MT,2015,24,587.6,783.1,723.65
MT,2015,25,634.8,793.9,737.57
MT,2015,26,643.7,800.4,750.98
MT,2015,27,676.4,816.3,764.12
MT,2015,28,684.8,825.3,776.98
MT,2015,29,705.0,838.7,790.03
MT,2015,30,712.6,845.8,802.71
MT,2015,31,735.6,862.8,815.67
MT,2015,32,742.4,877.4,828.87
MT,2015,33,776.1,888.1,842.87
MT,2015,34,771.3,909.2,857.2
MT,2015,35,805.6,926.3,873.01
MT,2015,36,813.6,940.4,888.58
MT,2015,37,825.7,957.1,905.7
MT,2015,38,822.7,972.7,924.49
MT,2015,39,870.6,982.7,943.42
MT,2015,40,905.9,992.7,960.79
MT,2015,41,927.1,1000.7,977.25
MT,2015,42,960.3,1004.0,990.01
MT,2015,43,981.4,1006.2,998.39
MT,2015,44,996.3,1007.7,1004.14
MT,2015,45,1008.3,1008.3,1008.3
CH,2016,0,319.9,319.9,319.9
CH,2016,1,319.9,361.0,327.97
CH,2016,2,320.0,394.6,338.09
CH,2016,3,320.0,418.8,346.62
CH,2016,4,320.5,441.8,356.74
CH,2016,5,320.6,454.1,368.0
CH,2016,6,321.8,471.9,379.75
CH,2016,7,321.6,485.4,392.4
CH,2016,8,323.1,500.5,405.84
CH,2016,9,323.0,523.7,420.16
CH,2016,10,326.7,529.1,434.99
CH,2016,11,329.3,545.4,450.2
CH,2016,12,332.7,561.8,465.48
CH,2016,13,338.0,568.9,480.65
CH,2016,14,345.6,584.5,495.53
CH,2016,15,350.6,588.4,509.74
CH,2016,16,363.9,603.7,523.21
CH,2016,17,380.8,605.2,536.01
CH,2016,18,394.7,616.9,548.03
CH,2016,19,394.3,627.7,559.32
CH,2016,20,432.8,629.5,569.89
CH,2016,21,459.1,637.7,579.81
CH,2016,22,475.1,643.5,589.45
CH,2016,23,499.5,652.3,598.5
CH,2016,24,517.4,666.4,607.51
CH,2016,25,533.1,672.9,616.15
CH,2016,26,546.7,681.1,624.88
CH,2016,27,566.4,686.8,633.45
CH,2016,28,574.8,692.5,642.11
CH,2016,29,580.8,699.2,650.94
CH,2016,30,592.0,711.1,659.89
CH,2016,31,595.6,720.0,669.17
CH,2016,32,623.4,730.3,678.6
CH,2016,33,629.6,737.2,687.95
CH,2016,34,642.7,746.5,697.96
CH,2016,35,651.9,752.7,708.24
CH,2016,36,667.9,766.0,718.76
CH,2016,37,676.8,784.9,729.67
CH,2016,38,689.7,789.1,741.22
CH,2016,39,704.8,806.4,753.77
CH,2016,40,716.0,819.5,767.28
CH,2016,41,727.0,829.5,782.11
CH,2016,42,748.6,841.9,799.07
CH,2016,43,774.0,850.6,818.43
CH,2016,44,793.0,859.1,834.33
CH,2016,45,859.1,859.1,859.1
CN,2016,0,361.2,361.2,361.2
CN,2016,1,361.2,400.1,367.89
CN,2016,2,361.2,423.2,374.26
CN,2016,3,361.3,446.5,380.59
CN,2016,4,361.4,467.4,387.86
CN,2016,5,361.5,494.8,395.66
CN,2016,6,361.7,514.0,404.54
CN,2016,7,362.3,532.6,414.19
CN,2016,8,362.8,546.4,425.01
CN,2016,9,364.0,560.3,437.01
CN,2016,10,365.4,574.3,450.51
CN,2016,11,367.5,580.4,465.5
CN,2016,12,369.4,588.1,481.98
CN,2016,13,369.5,597.1,499.71
CN,2016,14,370.8,604.3,518.08
CN,2016,15,379.0,614.3,536.35
CN,2016,16,385.8,618.8,553.98
CN,2016,17,395.7,629.0,569.79
CN,2016,18,405.2,634.2,584.01
CN,2016,19,432.2,640.1,596.47
CN,2016,20,476.2,647.3,607.41
CN,2016,21,464.4,652.6,617.04
CN,2016,22,520.7,657.2,626.04
CN,2016,23,550.5,665.1,634.31
CN,2016,24,575.3,673.2,642.53
CN,2016,25,599.4,680.4,650.26
CN,2016,26,611.4,685.5,657.9
CN,2016,27,614.7,694.6,665.5
CN,2016,28,628.7,698.8,673.01
CN,2016,29,644.3,705.3,680.59
CN,2016,30,646.2,716.1,688.34
CN,2016,31,665.6,719.1,696.1
CN,2016,32,666.5,727.8,703.48
CN,2016,33,683.0,733.3,711.52
CN,2016,34,688.1,742.8,719.63
CN,2016,35,698.9,754.0,727.86
CN,2016,36,709.5,759.2,736.32
CN,2016,37,712.6,769.4,745.29
CN,2016,38,723.7,780.4,754.9
CN,2016,39,739.8,790.4,764.98
CN,2016,40,753.2,799.8,775.66
CN,2016,41,762.8,817.5,788.63
CN,2016,42,781.4,837.6,803.08
CN,2016,43,801.7,853.0,821.21
CN,2016,44,820.6,862.4,843.4
CN,2016,45,871.3,871.3,871.3
LC,2016,0,340.8,342.7,341.65
LC,2016,1,340.8,387.1,349.44
LC,2016,2,340.9,410.6,357.65
LC,2016,3,341.0,429.5,368.3
LC,2016,4,341.0,450.3,378.78
LC,2016,5,341.9,470.0,390.51
LC,2016,6,342.7,481.9,403.17
LC,2016,7,343.5,497.3,416.99
LC,2016,8,345.6,508.5,431.37
LC,2016,9,346.3,519.5,446.66
LC,2016,10,348.2,529.0,462.05
LC,2016,11,351.9,538.5,477.46
LC,2016,12,358.3,549.0,492.31
LC,2016,13,363.7,560.3,506.34
LC,2016,14,369.9,572.5,519.46
LC,2016,15,370.6,582.1,531.56
LC,2016,16,390.0,589.4,542.64
LC,2016,17,408.6,602.5,552.89
LC,2016,18,434.0,606.1,562.22
LC,2016,19,451.6,617.3,571.1
LC,2016,20,482.8,620.4,579.38
LC,2016,21,516.8,628.1,587.37
LC,2016,22,524.2,635.7,594.93
LC,2016,23,544.4,640.6,602.34
LC,2016,24,547.6,648.6,609.52
LC,2016,25,539.5,655.3,616.68
LC,2016,26,575.7,661.7,623.68
LC,2016,27,580.4,667.3,630.68
LC,2016,28,587.4,676.6,637.88
LC,2016,29,596.1,683.6,645.03
LC,2016,30,604.9,692.8,652.5
LC,2016,31,611.4,696.6,660.19
LC,2016,32,619.2,708.0,668.14
LC,2016,33,630.8,715.7,676.55
LC,2016,34,635.3,725.0,685.64
LC,2016,35,647.8,733.3,694.92
LC,2016,36,658.8,740.5,705.27
LC,2016,37,670.5,753.0,715.6
LC,2016,38,683.1,774.1,728.81
LC,2016,39,693.3,780.9,741.69
LC,2016,40,717.3,789.8,754.0
LC,2016,41,736.0,802.6,758.56
LC,2016,42,755.3,777.6,766.0
LC,2016,43,746.0,795.1,764.67
MT,2016,0,331.3,331.3,331.3
MT,2016,1,331.3,365.0,342.49
MT,2016,2,331.4,396.1,348.82
MT,2016,3,331.6,427.8,357.58
MT,2016,4,331.9,461.9,367.6
MT,2016,5,332.1,492.7,378.48
MT,2016,6,332.9,528.3,390.59
MT,2016,7,333.3,557.2,403.89
MT,2016,8,334.3,574.4,418.71
MT,2016,9,334.7,587.9,435.16
MT,2016,10,337.8,598.4,453.39
MT,2016,11,340.3,612.7,473.55
MT,2016,12,344.7,628.0,495.23
MT,2016,13,346.5,639.0,518.6
MT,2016,14,353.9,652.0,542.64
MT,2016,15,353.9,663.5,567.4
MT,2016,16,361.6,676.8,591.22
MT,2016,17,374.0,685.7,613.27
MT,2016,18,393.5,701.2,633.64
MT,2016,19,404.5,709.7,651.43
MT,2016,20,434.2,723.8,667.49
MT,2016,21,472.8,731.2,681.98
MT,2016,22,557.8,739.7,695.53
MT,2016,23,548.6,753.0,708.35
MT,2016,24,632.5,762.8,720.65
MT,2016,25,645.4,770.1,732.42
MT,2016,26,646.8,782.3,743.99
MT,2016,27,687.1,793.3,755.35
MT,2016,28,701.5,800.2,766.67
MT,2016,29,717.5,812.3,777.97
MT,2016,30,723.8,826.3,789.13
MT,2016,31,745.0,833.9,800.25
MT,2016,32,752.4,842.3,811.5
MT,2016,33,770.5,858.1,823.2
MT,2016,34,782.7,868.2,835.38
MT,2016,35,792.9,879.2,847.4
MT,2016,36,813.6,892.8,860.86
MT,2016,37,828.0,907.1,874.85
MT,2016,38,846.4,920.0,889.12
MT,2016,39,862.0,934.9,904.82
MT,2016,40,866.0,951.3,921.2
MT,2016,41,887.2,964.9,937.79
MT,2016,42,919.9,976.7,954.63
MT,2016,43,945.8,985.3,969.22
MT,2016,44,966.1,990.5,981.51
MT,2016,45,991.5,991.5,991.5
CH,2017,0,334.7,334.7,334.7
CH,2017,1,334.7,376.1,343.9
CH,2017,2,334.7,409.0,352.53
CH,2017,3,334.7,434.6,361.8
CH,2017,4,334.8,444.6,371.47
CH,2017,5,335.1,462.3,382.05
CH,2017,6,335.9,479.1,393.72
CH,2017,7,336.3,492.5,405.92
CH,2017,8,336.9,508.5,419.37
CH,2017,9,338.2,523.6,433.92
CH,2017,10,340.7,536.4,449.13
CH,2017,11,342.6,553.8,465.5
CH,2017,12,348.0,568.3,482.42
CH,2017,13,357.2,574.8,499.04
CH,2017,14,364.5,600.6,515.1
CH,2017,15,379.7,594.5,530.01
CH,2017,16,394.2,601.9,543.43
CH,2017,17,412.3,609.7,555.32
CH,2017,18,443.7,616.6,565.99
CH,2017,19,473.0,627.8,575.65
CH,2017,20,498.6,631.7,584.6
CH,2017,21,517.0,637.3,592.85
CH,2017,22,530.1,644.6,600.85
CH,2017,23,540.1,652.2,608.6
CH,2017,24,553.2,662.1,616.25
CH,2017,25,555.0,665.8,623.8
CH,2017,26,573.9,678.3,631.49
CH,2017,27,580.5,683.0,639.27
CH,2017,28,591.8,690.4,647.22
CH,2017,29,596.1,699.4,655.3
CH,2017,30,609.3,710.6,663.6
CH,2017,31,606.1,716.9,672.43
CH,2017,32,624.7,726.0,681.33
CH,2017,33,634.4,736.3,690.9
CH,2017,34,642.4,752.9,700.89
CH,2017,35,656.2,763.8,711.48
CH,2017,36,661.8,776.1,722.89
CH,2017,37,660.9,788.6,734.92
CH,2017,38,688.5,800.6,748.25
CH,2017,39,696.5,808.8,761.81
CH,2017,40,714.1,827.0,776.04
CH,2017,41,725.6,845.2,790.35
CH,2017,42,762.4,848.0,809.63
CH,2017,43,800.5,868.3,830.58
CH,2017,44,834.3,868.3,849.1
CN,2017,0,375.1,375.1,375.1
CN,2017,1,375.1,429.4,383.34
CN,2017,2,375.1,465.7,389.91
CN,2017,3,375.2,481.9,398.5
CN,2017,4,375.3,503.9,407.22
CN,2017,5,375.4,517.2,416.48
CN,2017,6,375.5,531.3,426.8
CN,2017,7,376.1,548.1,437.67
CN,2017,8,376.1,572.3,450.01
CN,2017,9,376.6,733.2,463.51
CN,2017,10,377.1,591.9,478.37
CN,2017,11,378.2,602.3,494.36
CN,2017,12,381.5,612.9,511.09
CN,2017,13,384.7,622.4,528.46
CN,2017,14,384.8,624.9,545.95
CN,2017,15,393.8,634.3,562.46
CN,2017,16,394.9,640.1,577.87
CN,2017,17,403.2,647.1,591.56
CN,2017,18,422.3,652.0,603.93
CN,2017,19,451.4,659.4,614.68
CN,2017,20,466.6,663.9,624.45
CN,2017,21,476.9,672.4,633.39
CN,2017,22,526.8,678.8,641.49
CN,2017,23,567.9,685.3,649.33
CN,2017,24,575.8,692.3,656.98
CN,2017,25,610.8,700.1,664.32
CN,2017,26,619.5,705.1,671.53
CN,2017,27,618.5,715.2,678.82
CN,2017,28,634.2,719.7,685.85
CN,2017,29,645.6,726.8,693.08
CN,2017,30,655.6,736.0,700.57
CN,2017,31,671.5,739.5,707.74
CN,2017,32,678.9,743.2,715.52
CN,2017,33,676.0,755.3,722.8
CN,2017,34,693.5,768.6,731.21
CN,2017,35,702.5,772.1,739.27
CN,2017,36,712.0,780.6,747.93
CN,2017,37,719.1,796.3,756.96
CN,2017,38,734.6,796.2,766.19
CN,2017,39,738.9,806.3,776.35
CN,2017,40,762.2,816.2,787.39
CN,2017,41,773.4,829.5,802.18
CN,2017,42,778.1,852.1,817.9
CN,2017,43,813.0,853.0,837.87
CN,2017,44,839.7,868.3,851.39
CN,2017,45,885.6,885.6,885.6
LC,2017,0,299.6,301.5,300.37
LC,2017,1,299.6,337.0,307.11
LC,2017,2,299.6,372.1,319.59
LC,2017,3,300.0,399.9,330.98
LC,2017,4,300.0,422.2,343.17
LC,2017,5,300.3,434.2,355.28
LC,2017,6,300.6,450.3,368.02
LC,2017,7,302.3,461.1,381.69
LC,2017,8,303.2,473.6,395.56
LC,2017,9,302.2,480.4,409.65
LC,2017,10,306.3,487.7,423.76
LC,2017,11,307.4,494.0,437.26
LC,2017,12,311.6,502.2,450.29
LC,2017,13,316.6,509.9,462.69
LC,2017,14,321.7,517.0,474.33
LC,2017,15,326.4,664.8,485.17
LC,2017,16,340.4,535.5,495.36
LC,2017,17,336.2,543.9,505.0
LC,2017,18,347.0,552.3,514.09
LC,2017,19,415.2,562.0,522.75
LC,2017,20,424.3,566.8,530.89
LC,2017,21,459.7,574.4,538.69
LC,2017,22,474.9,579.5,546.21
LC,2017,23,486.4,587.0,553.4
LC,2017,24,508.0,594.0,560.47
LC,2017,25,525.8,600.6,567.37
LC,2017,26,525.5,608.0,574.24
LC,2017,27,536.4,613.8,581.08
LC,2017,28,549.1,619.9,587.92
LC,2017,29,554.3,625.5,594.87
LC,2017,30,559.7,633.3,601.94
LC,2017,31,569.9,643.3,609.12
LC,2017,32,575.7,648.5,616.51
LC,2017,33,584.9,661.2,624.21
LC,2017,34,589.6,666.1,632.26
LC,2017,35,598.4,672.9,640.58
LC,2017,36,603.9,687.1,649.27
LC,2017,37,615.2,697.4,658.68
LC,2017,38,624.1,710.4,669.08
LC,2017,39,637.6,719.7,679.92
LC,2017,40,648.5,736.6,692.53
LC,2017,41,658.2,753.5,706.39
LC,2017,42,685.4,768.3,722.32
LC,2017,43,714.8,779.3,750.71
LC,2017,44,741.4,788.8,769.7
MT,2017,0,350.1,350.1,350.1
MT,2017,1,350.1,395.7,358.62
MT,2017,2,350.1,440.9,365.98
MT,2017,3,350.1,465.5,375.28
MT,2017,4,350.3,493.6,385.11
MT,2017,5,350.8,515.7,396.45
MT,2017,6,351.0,543.9,408.85
MT,2017,7,352.1,570.0,423.04
MT,2017,8,352.1,585.3,438.63
MT,2017,9,353.9,602.7,456.26
MT,2017,10,354.9,619.9,475.84
MT,2017,11,358.5,634.5,497.18
MT,2017,12,361.3,655.0,520.48
MT,2017,13,361.8,671.7,544.77
MT,2017,14,367.8,689.7,569.68
MT,2017,15,375.7,706.3,594.61
MT,2017,16,373.5,724.5,618.54
MT,2017,17,391.1,729.8,641.05
MT,2017,18,403.3,740.8,661.91
MT,2017,19,407.5,753.0,680.3
MT,2017,20,476.8,758.7,697.12
MT,2017,21,531.6,768.1,712.05
MT,2017,22,588.3,781.4,726.04
MT,2017,23,574.8,790.5,738.87
MT,2017,24,665.5,800.5,750.95
MT,2017,25,679.3,808.9,762.91
MT,2017,26,679.5,823.7,774.44
MT,2017,27,708.6,837.7,785.51
MT,2017,28,719.7,846.2,797.29
MT,2017,29,740.2,857.4,808.53
MT,2017,30,754.6,867.2,820.06
MT,2017,31,764.0,877.5,831.4
MT,2017,32,781.7,885.1,842.49
MT,2017,33,797.8,899.1,853.94
MT,2017,34,812.6,911.7,865.73
MT,2017,35,816.3,920.6,877.19
MT,2017,36,837.5,935.3,889.17
MT,2017,37,847.5,944.8,900.99
MT,2017,38,856.7,955.8,914.73
MT,2017,39,866.8,964.1,927.72
MT,2017,40,875.7,977.6,940.95
MT,2017,41,889.8,983.2,953.14
MT,2017,42,921.9,989.0,967.37
MT,2017,43,950.7,992.8,977.75
MT,2017,44,937.1,993.9,985.79
MT,2017,45,993.9,993.9,993.9
CH,2018,0,394.5,394.5,394.5
CH,2018,1,394.5,437.2,400.36
CH,2018,2,394.5,468.3,406.87
CH,2018,3,394.5,494.2,414.76
CH,2018,4,394.7,516.3,422.8
CH,2018,5,395.0,535.7,432.51
CH,2018,6,394.9,553.6,443.0
CH,2018,7,396.1,562.2,455.0
CH,2018,8,397.4,573.8,468.69
CH,2018,9,398.1,585.2,483.46
CH,2018,10,400.1,596.6,500.4
CH,2018,11,400.8,600.7,518.25
CH,2018,12,402.1,608.2,536.46
CH,2018,13,405.5,616.1,554.2
CH,2018,14,408.0,621.3,570.16
CH,2018,15,410.7,626.1,584.02
CH,2018,16,424.9,633.0,595.68
CH,2018,17,427.6,640.7,605.33
CH,2018,18,459.6,648.8,613.35
CH,2018,19,506.7,649.0,620.34
CH,2018,20,520.6,656.6,626.64
CH,2018,21,568.1,660.4,632.42
CH,2018,22,589.7,666.3,638.01
CH,2018,23,589.6,668.7,643.31
CH,2018,24,611.7,674.5,648.4
CH,2018,25,623.8,678.0,653.42
CH,2018,26,624.9,681.4,658.43
CH,2018,27,628.3,688.3,663.54
CH,2018,28,640.1,692.1,668.58
CH,2018,29,642.1,696.2,673.65
CH,2018,30,644.6,702.7,678.78
CH,2018,31,652.3,706.9,684.15
CH,2018,32,658.6,714.7,689.71
CH,2018,33,661.8,720.5,695.71
CH,2018,34,665.5,727.9,701.81
CH,2018,35,670.0,735.8,708.23
CH,2018,36,680.0,741.8,715.18
CH,2018,37,690.2,749.7,722.76
CH,2018,38,699.4,756.7,731.11
CH,2018,39,708.6,770.2,740.55
CH,2018,40,718.5,780.2,750.66
CH,2018,41,726.2,793.3,762.97
CH,2018,42,741.0,808.8,777.46
CH,2018,43,759.8,825.6,795.55
CH,2018,44,787.8,840.9,819.03
CH,2018,45,850.4,850.4,850.4
CN,2018,0,362.5,362.5,362.5
CN,2018,1,362.5,392.1,368.82
CN,2018,2,362.5,416.2,375.23
CN,2018,3,362.5,441.6,382.5
CN,2018,4,362.6,464.6,390.97
CN,2018,5,362.8,484.3,400.12
CN,2018,6,363.2,501.2,410.32
CN,2018,7,363.7,518.2,421.81
CN,2018,8,365.2,533.0,434.63
CN,2018,9,364.7,547.4,448.88
CN,2018,10,366.6,561.3,464.48
CN,2018,11,369.2,571.4,481.56
CN,2018,12,369.3,585.5,499.57
CN,2018,13,374.5,599.5,518.19
CN,2018,14,383.6,607.4,536.44
CN,2018,15,397.6,621.8,554.22
CN,2018,16,407.5,631.4,570.42
CN,2018,17,417.3,642.0,584.96
CN,2018,18,440.0,653.0,598.03
CN,2018,19,459.9,654.2,609.45
CN,2018,20,509.0,662.1,619.86
CN,2018,21,548.6,671.1,629.2
CN,2018,22,569.0,677.0,637.9
CN,2018,23,592.0,679.4,646.06
CN,2018,24,605.6,686.8,653.79
CN,2018,25,616.7,691.6,661.15
CN,2018,26,618.1,697.5,668.3
CN,2018,27,632.3,704.1,675.22
CN,2018,28,638.4,709.5,682.2
CN,2018,29,647.7,716.6,689.17
CN,2018,30,659.9,724.9,696.3
CN,2018,31,664.2,731.5,703.17
CN,2018,32,670.5,737.8,710.81
CN,2018,33,680.5,750.0,718.24
CN,2018,34,686.3,757.5,726.33
CN,2018,35,692.3,764.5,734.11
CN,2018,36,706.5,771.1,742.9
CN,2018,37,712.3,782.0,752.43
CN,2018,38,724.9,792.5,761.88
CN,2018,39,733.5,804.6,772.71
CN,2018,40,730.4,814.2,786.36
CN,2018,41,746.4,830.4,798.82
CN,2018,42,762.1,848.1,817.59
CN,2018,43,773.5,869.6,838.73
CN,2018,44,838.3,869.6,863.99
LC,2018,0,318.8,330.7,321.9
LC,2018,1,318.8,369.3,331.37
LC,2018,2,318.8,404.8,343.6
LC,2018,3,319.3,417.4,355.09
LC,2018,4,319.7,440.6,367.65
LC,2018,5,320.2,458.6,380.35
LC,2018,6,321.0,477.9,393.22
LC,2018,7,322.1,485.0,407.12
LC,2018,8,326.3,503.1,421.16
LC,2018,9,329.5,516.5,435.94
LC,2018,10,328.7,531.8,450.68
LC,2018,11,331.5,546.0,465.67
LC,2018,12,346.9,558.4,480.38
LC,2018,13,353.6,568.2,494.67
LC,2018,14,373.0,574.7,508.22
LC,2018,15,390.6,588.2,520.78
LC,2018,16,411.0,595.0,532.3
LC,2018,17,421.6,599.1,542.79
LC,2018,18,450.6,608.8,552.5
LC,2018,19,473.5,614.0,561.47
LC,2018,20,491.7,620.0,569.81
LC,2018,21,508.2,625.1,577.91
LC,2018,22,501.1,632.7,585.65
LC,2018,23,530.0,639.0,593.24
LC,2018,24,531.9,648.4,600.83
LC,2018,25,540.0,656.4,608.33
LC,2018,26,557.5,662.9,615.96
LC,2018,27,561.6,671.6,623.59
LC,2018,28,574.5,677.8,631.38
LC,2018,29,577.6,688.8,639.38
LC,2018,30,585.0,694.7,647.79
LC,2018,31,593.6,708.1,656.27
LC,2018,32,600.7,721.2,664.93
LC,2018,33,610.0,723.3,674.23
LC,2018,34,614.1,734.2,683.53
LC,2018,35,626.9,748.3,693.23
LC,2018,36,641.9,760.2,703.49
LC,2018,37,652.1,768.1,715.0
LC,2018,38,674.0,783.6,726.6
LC,2018,39,699.0,793.1,737.32
LC,2018,40,706.1,810.2,753.64
LC,2018,41,710.3,816.9,768.26
LC,2018,42,774.3,807.7,790.42
LC,2018,43,788.7,789.1,788.9
MT,2018,0,369.4,369.4,369.4
MT,2018,1,369.4,421.6,379.41
MT,2018,2,369.4,464.7,388.15
MT,2018,3,369.4,498.0,397.5
MT,2018,4,369.5,518.3,407.9
MT,2018,5,369.9,542.7,419.13
MT,2018,6,370.7,564.2,431.72
MT,2018,7,371.1,591.8,445.13
MT,2018,8,371.6,615.8,460.06
MT,2018,9,373.2,641.4,476.75
MT,2018,10,375.3,666.2,495.11
MT,2018,11,377.3,681.6,516.08
MT,2018,12,379.6,695.1,538.72
MT,2018,13,382.5,703.4,563.3
MT,2018,14,386.3,717.2,589.2
MT,2018,15,397.8,722.6,614.72
MT,2018,16,395.7,731.5,638.44
MT,2018,17,416.4,737.5,659.67
MT,2018,18,431.1,750.4,677.52
MT,2018,19,473.6,757.8,692.78
MT,2018,20,483.1,764.2,705.76
MT,2018,21,564.6,772.7,717.28
MT,2018,22,586.5,781.9,728.1
MT,2018,23,620.1,795.1,738.32
MT,2018,24,637.8,801.7,748.58
MT,2018,25,638.6,807.0,758.91
MT,2018,26,684.3,816.2,769.0
MT,2018,27,688.3,826.6,779.48
MT,2018,28,694.1,837.1,790.35
MT,2018,29,719.5,846.8,801.27
MT,2018,30,731.1,858.9,812.31
MT,2018,31,733.3,868.1,824.26
MT,2018,32,763.1,880.7,836.33
MT,2018,33,744.5,894.7,848.89
MT,2018,34,793.2,908.8,862.2
MT,2018,35,808.1,918.5,876.28
MT,2018,36,823.3,935.6,890.38
MT,2018,37,827.4,946.4,905.3
MT,2018,38,857.6,961.6,919.39
MT,2018,39,838.6,972.7,935.9
MT,2018,40,905.6,981.6,951.22
MT,2018,41,931.2,988.7,966.41
MT,2018,42,953.6,993.0,979.05
MT,2018,43,967.0,994.8,988.7
MT,2018,44,996.1,996.1,996.1
CH,2019,0,315.9,315.9,315.9
CH,2019,1,315.9,362.6,325.53
CH,2019,2,315.9,389.0,335.58
CH,2019,3,315.9,413.3,343.65
CH,2019,4,316.5,431.4,352.19
CH,2019,5,316.8,447.2,361.91
CH,2019,6,316.9,459.6,372.91
CH,2019,7,317.9,469.9,384.53
CH,2019,8,319.2,484.2,397.0
CH,2019,9,321.1,497.4,410.52
CH,2019,10,323.2,508.1,424.89
CH,2019,11,325.7,519.2,439.69
CH,2019,12,328.9,529.5,455.31
CH,2019,13,329.8,541.5,470.66
CH,2019,14,344.4,552.0,485.83
CH,2019,15,348.8,559.7,500.21
CH,2019,16,355.7,568.1,513.54
CH,2019,17,386.9,575.0,525.56
CH,2019,18,397.5,588.8,536.71
CH,2019,19,429.7,589.9,546.73
CH,2019,20,421.2,598.1,556.05
CH,2019,21,481.2,605.1,564.79
CH,2019,22,507.3,611.3,573.12
CH,2019,23,511.1,619.7,581.1
CH,2019,24,537.1,626.2,589.04
CH,2019,25,540.1,633.3,596.87
CH,2019,26,559.2,641.1,604.62
CH,2019,27,568.6,651.2,612.45
CH,2019,28,579.2,656.6,620.28
CH,2019,29,581.6,665.8,628.32
CH,2019,30,597.4,673.8,636.42
CH,2019,31,604.7,680.4,644.72
CH,2019,32,613.8,691.8,653.4
CH,2019,33,621.6,698.8,662.24
CH,2019,34,631.0,714.7,671.4
CH,2019,35,641.9,717.0,680.99
CH,2019,36,652.1,730.8,690.92
CH,2019,37,660.8,737.4,701.77
CH,2019,38,665.2,752.6,713.15
CH,2019,39,684.3,759.7,725.41
CH,2019,40,700.7,776.6,738.75
CH,2019,41,711.4,790.6,753.26
CH,2019,42,731.5,809.1,773.34
CH,2019,43,749.3,822.7,787.86
CH,2019,44,777.4,835.1,809.82
CN,2019,0,327.9,327.9,327.9
CN,2019,1,327.9,363.9,335.27
CN,2019,2,327.9,390.6,341.74
CN,2019,3,327.9,410.4,349.84
CN,2019,4,327.9,436.0,358.59
CN,2019,5,327.9,456.5,367.82
CN,2019,6,327.9,479.9,377.75
CN,2019,7,328.7,507.9,388.73
CN,2019,8,328.8,520.4,400.86
CN,2019,9,332.5,544.2,413.96
CN,2019,10,332.0,551.7,428.58
CN,2019,11,336.0,563.5,444.26
CN,2019,12,337.8,568.6,460.9
CN,2019,13,345.4,578.3,477.99
CN,2019,14,344.4,584.8,495.3
CN,2019,15,354.9,595.3,511.92
CN,2019,16,368.5,604.1,527.74
CN,2019,17,376.2,609.4,542.39
CN,2019,18,391.7,622.2,555.88
CN,2019,19,416.0,627.8,568.33
CN,2019,20,436.4,632.4,579.89
CN,2019,21,460.1,640.8,590.85
CN,2019,22,471.8,649.8,601.15
CN,2019,23,513.6,660.4,611.39
CN,2019,24,525.8,671.1,621.15
CN,2019,25,541.4,678.9,630.76
CN,2019,26,561.0,689.7,640.23
CN,2019,27,573.1,700.5,650.03
CN,2019,28,595.9,716.3,659.65
CN,2019,29,596.6,719.7,669.2
CN,2019,30,612.1,728.0,679.53
CN,2019,31,614.0,740.3,688.92
CN,2019,32,633.1,749.4,698.64
CN,2019,33,656.4,749.2,707.26
CN,2019,34,674.7,767.4,716.21
CN,2019,35,679.2,769.3,725.33
CN,2019,36,690.0,782.2,734.65
CN,2019,37,697.1,791.9,743.63
CN,2019,38,716.6,804.8,752.13
CN,2019,39,720.1,811.0,763.32
CN,2019,40,739.3,815.9,772.64
CN,2019,41,749.6,834.3,788.78
CN,2019,42,759.3,847.8,805.4
CN,2019,43,780.3,853.5,825.62
CN,2019,44,816.7,860.9,840.55
CN,2019,45,860.9,860.9,860.9
LC,2019,0,322.0,329.5,322.98
LC,2019,1,322.0,365.3,330.05
LC,2019,2,322.0,395.1,340.77
LC,2019,3,322.2,420.3,352.14
LC,2019,4,322.7,439.8,363.09
LC,2019,5,322.9,462.4,374.31
LC,2019,6,322.9,470.9,386.88
LC,2019,7,323.9,486.0,399.89
LC,2019,8,324.1,492.1,413.79
LC,2019,9,325.2,503.3,427.73
LC,2019,10,326.4,514.7,441.98
LC,2019,11,326.3,524.3,455.79
LC,2019,12,328.6,534.3,468.88
LC,2019,13,330.7,544.1,481.03
LC,2019,14,338.0,548.9,492.37
LC,2019,15,341.6,554.1,502.61
LC,2019,16,355.6,560.3,512.09
LC,2019,17,365.8,567.4,520.91
LC,2019,18,363.3,574.0,529.07
LC,2019,19,365.3,581.4,536.85
LC,2019,20,414.8,586.7,544.3
LC,2019,21,442.2,592.5,551.4
LC,2019,22,488.8,596.8,558.36
LC,2019,23,503.7,606.4,565.05
LC,2019,24,504.0,613.8,571.66
LC,2019,25,524.0,618.5,578.19
LC,2019,26,529.9,625.3,584.67
LC,2019,27,542.5,631.1,591.14
LC,2019,28,549.2,639.0,597.58
LC,2019,29,552.7,646.5,604.26
LC,2019,30,562.8,657.7,611.0
LC,2019,31,572.6,666.1,617.89
LC,2019,32,560.8,673.9,625.03
LC,2019,33,583.4,683.0,632.42
LC,2019,34,590.9,695.4,640.07
LC,2019,35,599.6,709.3,648.25
LC,2019,36,604.4,723.5,656.67
LC,2019,37,617.5,737.3,666.21
LC,2019,38,627.7,755.3,675.93
LC,2019,39,635.8,770.5,687.97
LC,2019,40,655.1,787.3,701.33
LC,2019,41,676.9,759.2,714.1
LC,2019,42,658.5,801.7,733.81
LC,2019,43,704.3,801.7,753.1
LC,2019,44,801.7,801.7,801.7
MT,2019,0,359.0,359.0,359.0
MT,2019,1,359.0,396.6,367.93
MT,2019,2,359.0,436.5,375.62
MT,2019,3,359.0,477.6,384.82
MT,2019,4,359.0,518.4,395.19
MT,2019,5,359.0,544.6,406.3
MT,2019,6,359.1,567.7,418.97
MT,2019,7,359.2,586.4,433.01
MT,2019,8,359.4,610.1,449.12
MT,2019,9,360.1,624.0,466.84
MT,2019,10,361.0,637.8,486.68
MT,2019,11,361.2,652.6,508.89
MT,2019,12,362.6,667.4,532.68
MT,2019,13,363.9,672.9,557.5
MT,2019,14,364.1,685.4,583.19
MT,2019,15,373.1,693.6,607.5
MT,2019,16,379.1,703.1,629.32
MT,2019,17,388.0,712.7,648.85
MT,2019,18,416.0,723.1,665.55
MT,2019,19,382.0,730.2,679.75
MT,2019,20,491.3,739.2,692.56
MT,2019,21,516.2,750.2,704.03
MT,2019,22,589.5,758.5,715.13
MT,2019,23,594.1,764.1,725.65
MT,2019,24,635.3,775.3,735.8
MT,2019,25,670.1,785.4,746.04
MT,2019,26,680.3,791.4,755.93
MT,2019,27,693.3,808.2,765.76
MT,2019,28,707.4,816.1,776.0
MT,2019,29,719.1,826.1,786.37
MT,2019,30,733.6,832.3,796.4
MT,2019,31,739.7,842.5,806.8
MT,2019,32,751.6,860.3,817.57
MT,2019,33,770.1,867.8,828.6
MT,2019,34,781.1,877.9,840.14
MT,2019,35,795.0,887.3,851.91
MT,2019,36,811.2,905.0,864.33
MT,2019,37,826.1,919.9,876.85
MT,2019,38,833.8,929.6,891.58
MT,2019,39,852.0,949.1,906.36
MT,2019,40,868.6,963.0,922.23
MT,2019,41,884.7,975.2,939.44
MT,2019,42,906.8,984.2,955.83
MT,2019,43,927.3,985.0,971.34
MT,2019,44,959.7,985.5,982.11
MT,2019,45,985.5,985.5,985.5
CH,2020,0,328.4,328.4,328.4
CH,2020,1,328.4,353.3,336.18
CH,2020,2,328.4,376.9,341.5
CH,2020,3,328.5,399.1,346.75
CH,2020,4,328.7,429.4,353.05
CH,2020,5,329.0,449.2,361.36
CH,2020,6,329.4,471.4,370.57
CH,2020,7,329.6,486.8,381.14
CH,2020,8,330.4,498.5,392.95
CH,2020,9,331.0,514.3,406.31
CH,2020,10,332.4,520.9,421.48
CH,2020,11,332.1,535.6,437.79
CH,2020,12,333.4,544.7,455.14
CH,2020,13,334.7,554.4,472.69
CH,2020,14,340.8,563.2,490.03
CH,2020,15,339.5,576.1,506.96
CH,2020,16,349.8,587.8,522.73
CH,2020,17,353.0,600.1,537.64
CH,2020,18,362.6,605.6,551.23
CH,2020,19,382.8,613.3,564.08
CH,2020,20,416.3,624.4,575.85
CH,2020,21,459.9,631.1,586.64
CH,2020,22,438.2,633.9,596.52
CH,2020,23,498.6,640.5,605.61
CH,2020,24,529.3,647.6,613.99
CH,2020,25,554.4,653.3,621.92
CH,2020,26,568.8,659.6,629.45
CH,2020,27,580.6,665.4,636.6
CH,2020,28,589.7,668.8,643.62
CH,2020,29,602.2,680.4,650.85
CH,2020,30,615.9,686.7,658.08
CH,2020,31,622.6,694.6,665.5
CH,2020,32,628.4,700.0,673.25
CH,2020,33,635.5,706.5,681.18
CH,2020,34,646.2,718.4,689.54
CH,2020,35,653.8,725.0,698.35
CH,2020,36,660.0,731.9,707.53
CH,2020,37,675.1,744.0,717.49
CH,2020,38,684.6,756.2,728.15
CH,2020,39,696.1,767.4,739.98
CH,2020,40,706.7,783.6,752.75
CH,2020,41,725.2,794.3,767.66
CH,2020,42,739.0,809.0,785.76
CH,2020,43,766.2,823.4,807.18
CH,2020,44,798.0,844.0,834.7
CH,2020,45,862.6,862.6,862.6
CN,2020,0,332.6,332.6,332.6
CN,2020,1,332.7,359.3,339.1
CN,2020,2,332.7,387.0,346.78
CN,2020,3,332.8,409.4,353.82
CN,2020,4,332.8,426.4,362.22
CN,2020,5,333.0,446.1,370.95
CN,2020,6,333.3,467.2,381.04
CN,2020,7,333.4,489.5,391.97
CN,2020,8,334.0,510.0,403.86
CN,2020,9,333.9,525.9,416.88
CN,2020,10,334.7,535.5,431.41
CN,2020,11,336.7,546.7,446.93
CN,2020,12,338.2,560.2,463.56
CN,2020,13,346.8,572.5,480.86
CN,2020,14,350.7,579.9,498.23
CN,2020,15,359.6,590.5,515.51
CN,2020,16,370.6,599.8,531.43
CN,2020,17,379.1,605.1,546.11
CN,2020,18,387.1,614.0,559.36
CN,2020,19,411.2,623.5,571.37
CN,2020,20,450.9,629.6,582.12
CN,2020,21,474.6,634.1,592.11
CN,2020,22,483.6,641.1,601.18
CN,2020,23,527.6,649.7,609.93
CN,2020,24,527.1,654.1,618.36
CN,2020,25,566.2,666.3,626.48
CN,2020,26,583.6,670.9,634.64
CN,2020,27,591.4,678.9,642.53
CN,2020,28,604.8,686.1,650.96
CN,2020,29,611.5,698.5,659.41
CN,2020,30,626.6,703.7,668.14
CN,2020,31,635.5,710.4,677.14
CN,2020,32,641.2,720.4,686.39
CN,2020,33,649.2,730.8,695.4
CN,2020,34,659.2,741.9,705.5
CN,2020,35,678.9,751.9,715.68
CN,2020,36,687.3,761.0,726.36
CN,2020,37,697.6,775.3,736.42
CN,2020,38,710.5,781.6,748.36
CN,2020,39,725.5,793.1,760.63
CN,2020,40,738.9,810.7,774.94
CN,2020,41,758.7,834.1,791.45
CN,2020,42,779.2,838.7,806.34
CN,2020,43,800.7,854.8,829.91
LC,2020,0,304.0,314.6,305.62
LC,2020,1,304.0,356.6,311.94
LC,2020,2,304.0,386.5,319.68
LC,2020,3,304.1,406.2,329.11
LC,2020,4,304.2,432.0,339.35
LC,2020,5,304.2,440.3,349.57
LC,2020,6,305.0,466.9,361.83
LC,2020,7,305.6,473.3,373.31
LC,2020,8,305.6,483.8,386.99
LC,2020,9,307.8,503.2,401.3
LC,2020,10,309.4,513.5,416.31
LC,2020,11,309.2,520.1,431.51
LC,2020,12,312.9,532.9,446.51
LC,2020,13,316.3,540.6,461.6
LC,2020,14,328.7,552.1,475.54
LC,2020,15,323.4,558.7,488.73
LC,2020,16,334.0,567.6,501.46
LC,2020,17,329.8,576.7,513.66
LC,2020,18,370.2,584.8,525.27
LC,2020,19,372.1,595.3,536.12
LC,2020,20,391.2,601.1,546.79
LC,2020,21,425.5,609.7,557.02
LC,2020,22,447.4,618.8,566.97
LC,2020,23,473.9,629.7,576.7
LC,2020,24,467.3,640.8,586.36
LC,2020,25,498.0,647.7,595.63
LC,2020,26,515.0,657.6,604.77
LC,2020,27,539.8,664.8,613.93
LC,2020,28,550.6,677.1,623.07
LC,2020,29,565.1,679.3,632.23
LC,2020,30,564.1,689.5,641.17
LC,2020,31,591.9,701.0,650.36
LC,2020,32,602.0,710.2,659.53
LC,2020,33,588.3,716.8,668.89
LC,2020,34,624.7,724.8,678.2
LC,2020,35,633.2,740.9,687.95
LC,2020,36,645.1,738.5,698.05
LC,2020,37,662.3,757.1,707.53
LC,2020,38,667.2,769.1,718.73
LC,2020,39,696.2,772.6,729.22
LC,2020,40,705.4,786.5,741.42
LC,2020,41,734.8,787.4,760.8
LC,2020,42,727.2,801.1,766.24
MT,2020,0,327.1,327.1,327.1
MT,2020,1,327.1,371.4,337.28
MT,2020,2,327.1,406.5,346.05
MT,2020,3,327.1,439.3,355.39
MT,2020,4,327.1,471.3,366.61
MT,2020,5,327.3,503.8,378.07
MT,2020,6,327.4,525.8,391.11
MT,2020,7,327.5,547.0,405.67
MT,2020,8,327.8,568.8,422.11
MT,2020,9,328.6,587.8,440.34
MT,2020,10,329.9,606.5,460.43
MT,2020,11,329.5,618.4,482.49
MT,2020,12,333.2,630.3,506.15
MT,2020,13,335.7,645.7,530.4
MT,2020,14,338.1,650.8,554.34
MT,2020,15,345.1,667.0,576.65
MT,2020,16,349.5,674.2,597.71
MT,2020,17,359.3,685.0,615.91
MT,2020,18,371.5,699.1,632.41
MT,2020,19,425.4,705.9,646.97
MT,2020,20,429.7,713.1,660.0
MT,2020,21,447.1,723.3,672.2
MT,2020,22,533.7,737.0,683.97
MT,2020,23,582.0,744.6,695.02
MT,2020,24,613.2,751.6,705.64
MT,2020,25,628.0,759.8,716.51
MT,2020,26,659.5,769.8,727.01
MT,2020,27,669.3,780.2,737.53
MT,2020,28,672.1,790.3,747.97
MT,2020,29,684.8,796.4,758.22
MT,2020,30,714.0,806.6,768.84
MT,2020,31,724.8,816.5,779.4
MT,2020,32,740.1,827.7,790.4
MT,2020,33,734.3,838.0,801.25
MT,2020,34,758.4,849.8,813.16
MT,2020,35,769.8,868.5,825.08
MT,2020,36,795.4,871.2,837.55
MT,2020,37,796.9,887.8,851.04
MT,2020,38,817.0,900.8,864.85
MT,2020,39,840.5,913.1,880.7
MT,2020,40,861.9,927.6,897.54
MT,2020,41,871.8,945.4,915.62
MT,2020,42,902.1,957.3,935.41
MT,2020,43,933.3,966.6,956.26
MT,2020,44,975.0,975.0,975.0
CH,2021,0,328.9,328.9,328.9
CH,2021,1,328.9,363.9,335.33
CH,2021,2,329.3,384.9,342.25
CH,2021,3,329.7,402.8,349.75
CH,2021,4,329.9,419.5,357.72
CH,2021,5,330.4,434.6,366.23
CH,2021,6,331.6,447.1,375.99
CH,2021,7,332.9,464.3,386.77
CH,2021,8,333.7,480.2,398.65
CH,2021,9,336.0,495.7,411.74
CH,2021,10,338.9,515.2,426.25
CH,2021,11,341.3,524.2,441.85
CH,2021,12,341.4,533.2,458.69
CH,2021,13,349.5,543.8,475.56
CH,2021,14,353.3,552.0,492.48
CH,2021,15,365.0,561.6,508.51
CH,2021,16,381.3,572.5,523.07
CH,2021,17,388.8,580.4,536.15
CH,2021,18,392.3,584.6,547.52
CH,2021,19,453.2,594.5,558.06
CH,2021,20,480.1,600.7,567.34
CH,2021,21,485.4,607.5,576.0
CH,2021,22,513.2,614.2,584.32
CH,2021,23,517.9,623.3,592.17
CH,2021,24,544.5,631.2,599.78
CH,2021,25,562.5,637.1,607.19
CH,2021,26,571.4,640.1,614.55
CH,2021,27,577.7,647.7,621.89
CH,2021,28,585.3,654.9,629.22
CH,2021,29,591.7,662.5,636.64
CH,2021,30,609.0,671.3,644.14
CH,2021,31,613.6,680.4,651.85
CH,2021,32,627.7,688.0,659.81
CH,2021,33,629.2,696.2,668.08
CH,2021,34,646.0,706.2,676.66
CH,2021,35,652.4,715.7,685.83
CH,2021,36,656.9,723.9,695.35
CH,2021,37,672.9,734.1,705.77
CH,2021,38,677.9,745.3,716.92
CH,2021,39,687.0,757.0,729.28
CH,2021,40,705.1,772.6,742.68
CH,2021,41,719.9,786.5,757.72
CH,2021,42,737.2,802.7,774.96
CH,2021,43,754.7,819.1,795.55
CH,2021,44,789.5,832.5,819.17
CH,2021,45,846.9,846.9,846.9
CN,2021,0,339.7,339.7,339.7
CN,2021,1,339.7,377.0,348.29
CN,2021,2,339.7,409.2,353.11
CN,2021,3,339.8,434.9,361.58
CN,2021,4,339.9,451.5,370.04
CN,2021,5,340.2,464.3,378.31
CN,2021,6,340.4,482.8,387.67
CN,2021,7,340.8,499.5,397.99
CN,2021,8,341.6,514.8,408.93
CN,2021,9,342.5,536.7,420.78
CN,2021,10,342.8,549.9,433.8
CN,2021,11,343.6,565.1,447.58
CN,2021,12,347.6,577.6,462.78
CN,2021,13,347.5,581.8,479.32
CN,2021,14,346.5,591.2,496.6
CN,2021,15,357.6,601.6,514.47
CN,2021,16,359.8,608.9,532.21
CN,2021,17,376.9,616.8,548.96
CN,2021,18,375.6,627.7,564.49
CN,2021,19,392.4,634.9,578.81
CN,2021,20,425.3,641.0,591.32
CN,2021,21,401.4,647.5,602.78
CN,2021,22,456.4,654.8,613.2
CN,2021,23,515.7,661.3,622.97
CN,2021,24,511.7,668.8,632.29
CN,2021,25,545.4,677.6,641.21
CN,2021,26,580.2,683.5,650.03
CN,2021,27,602.1,691.6,658.42
CN,2021,28,607.9,701.5,666.95
CN,2021,29,630.0,706.4,675.04
CN,2021,30,626.0,717.7,683.55
CN,2021,31,641.0,726.9,691.94
CN,2021,32,659.9,732.7,700.25
CN,2021,33,663.4,741.9,708.5
CN,2021,34,680.1,753.6,716.84
CN,2021,35,678.3,760.0,725.95
CN,2021,36,697.4,773.3,734.99
CN,2021,37,702.9,784.1,744.63
CN,2021,38,717.0,792.1,755.09
CN,2021,39,728.5,803.6,765.87
CN,2021,40,742.8,828.5,778.34
CN,2021,41,756.4,839.0,790.85
CN,2021,42,771.0,848.7,806.11
CN,2021,43,791.3,858.8,828.62
CN,2021,44,826.8,867.1,850.59
CN,2021,45,867.1,867.1,867.1
LC,2021,0,298.0,304.2,300.27
LC,2021,1,298.0,346.9,308.32
LC,2021,2,298.0,370.4,318.3
LC,2021,3,298.0,401.4,328.42
LC,2021,4,298.5,414.7,338.46
LC,2021,5,299.0,429.5,349.64
LC,2021,6,299.7,446.6,360.79
LC,2021,7,302.2,465.0,373.27
LC,2021,8,303.3,476.0,386.36
LC,2021,9,305.2,493.0,400.54
LC,2021,10,305.5,503.4,415.09
LC,2021,11,306.9,519.3,430.11
LC,2021,12,317.3,531.3,444.99
LC,2021,13,319.7,550.6,460.25
LC,2021,14,329.4,550.1,474.71
LC,2021,15,341.5,557.6,488.54
LC,2021,16,360.9,568.3,501.28
LC,2021,17,371.4,575.8,513.48
LC,2021,18,363.2,583.9,524.6
LC,2021,19,422.3,592.8,535.26
LC,2021,20,441.1,600.8,545.27
LC,2021,21,445.9,609.9,554.9
LC,2021,22,478.7,612.1,563.94
LC,2021,23,496.1,620.5,573.02
LC,2021,24,507.6,630.8,581.8
LC,2021,25,516.5,635.6,590.39
LC,2021,26,523.3,645.8,599.08
LC,2021,27,539.9,651.4,607.98
LC,2021,28,546.9,665.2,616.83
LC,2021,29,557.4,676.8,625.7
LC,2021,30,565.4,679.0,634.62
LC,2021,31,584.0,699.5,644.15
LC,2021,32,588.1,711.4,653.9
LC,2021,33,592.7,717.6,664.18
LC,2021,34,619.4,729.6,674.81
LC,2021,35,625.6,734.5,685.74
LC,2021,36,642.4,758.8,697.04
LC,2021,37,650.1,777.0,709.41
LC,2021,38,668.4,781.6,723.98
LC,2021,39,655.2,794.2,735.2
LC,2021,40,698.6,808.0,752.13
LC,2021,41,710.0,826.1,765.09
LC,2021,42,744.0,790.3,773.74
LC,2021,43,786.1,820.5,810.08
MT,2021,0,353.8,353.8,353.8
MT,2021,1,353.8,384.2,362.18
MT,2021,2,354.0,414.9,370.54
MT,2021,3,354.6,444.4,378.89
MT,2021,4,354.9,470.1,388.8
MT,2021,5,356.3,495.4,399.79
MT,2021,6,357.1,512.5,411.96
MT,2021,7,359.0,533.7,425.87
MT,2021,8,359.6,553.2,441.55
MT,2021,9,362.9,573.2,459.47
MT,2021,10,364.4,597.4,479.59
MT,2021,11,369.4,613.8,501.97
MT,2021,12,375.5,631.2,525.74
MT,2021,13,387.4,644.0,550.11
MT,2021,14,394.3,651.6,573.48
MT,2021,15,395.4,664.7,595.38
MT,2021,16,433.5,674.2,614.52
MT,2021,17,462.9,682.5,631.1
MT,2021,18,512.5,689.4,645.52
MT,2021,19,492.4,698.0,658.08
MT,2021,20,576.0,706.5,669.41
MT,2021,21,605.4,715.8,679.97
MT,2021,22,598.4,722.6,689.99
MT,2021,23,645.9,732.7,699.43
MT,2021,24,656.4,741.6,708.59
MT,2021,25,664.1,750.0,717.8
MT,2021,26,683.0,756.8,726.63
MT,2021,27,689.2,766.1,735.49
MT,2021,28,698.3,775.6,744.35
MT,2021,29,715.1,785.1,753.23
MT,2021,30,725.8,791.2,762.4
MT,2021,31,732.7,800.4,771.56
MT,2021,32,743.5,809.9,781.27
MT,2021,33,752.8,821.9,791.08
MT,2021,34,762.1,830.2,801.38
MT,2021,35,775.8,841.7,812.49
MT,2021,36,787.1,856.1,824.13
MT,2021,37,789.8,869.6,836.74
MT,2021,38,814.8,882.1,850.37
MT,2021,39,826.5,898.3,865.24
MT,2021,40,838.2,913.2,881.74
MT,2021,41,857.5,930.6,899.69
MT,2021,42,874.3,944.1,919.65
MT,2021,43,908.1,948.8,936.87
MT,2021,44,953.1,953.1,953.1
CH,2022,0,305.1,305.1,305.1
CH,2022,1,305.1,352.5,316.53
CH,2022,2,305.1,382.5,326.81
CH,2022,3,305.2,409.1,334.59
CH,2022,4,305.6,430.7,343.58
CH,2022,5,306.0,444.9,354.61
CH,2022,6,306.4,453.6,366.35
CH,2022,7,306.6,466.4,380.42
CH,2022,8,307.4,482.5,394.69
CH,2022,9,308.7,491.5,410.27
CH,2022,10,310.2,504.0,425.99
CH,2022,11,310.1,513.7,441.94
CH,2022,12,318.5,525.2,457.18
CH,2022,13,318.1,534.0,471.74
CH,2022,14,328.3,543.8,485.36
CH,2022,15,346.3,554.8,498.41
CH,2022,16,342.1,562.2,510.67
CH,2022,17,366.1,570.3,522.24
CH,2022,18,386.5,581.9,533.02
CH,2022,19,397.8,590.0,543.34
CH,2022,20,434.1,598.0,553.18
CH,2022,21,463.4,608.2,562.54
CH,2022,22,486.5,615.9,571.39
CH,2022,23,500.7,625.9,580.08
CH,2022,24,526.5,632.4,588.51
CH,2022,25,542.1,640.2,596.65
CH,2022,26,547.9,644.9,605.01
CH,2022,27,562.8,651.6,613.09
CH,2022,28,572.3,660.6,621.26
CH,2022,29,578.0,666.5,629.53
CH,2022,30,583.7,675.0,637.83
CH,2022,31,595.9,683.3,646.43
CH,2022,32,605.5,694.2,655.07
CH,2022,33,616.6,703.2,664.13
CH,2022,34,623.4,713.0,673.41
CH,2022,35,631.9,722.9,683.04
CH,2022,36,639.3,737.7,693.29
CH,2022,37,653.3,750.4,703.93
CH,2022,38,664.0,764.1,715.2
CH,2022,39,668.8,781.0,727.63
CH,2022,40,687.4,793.4,741.12
CH,2022,41,687.8,807.0,756.83
CH,2022,42,724.3,817.7,776.38
CH,2022,43,755.4,829.1,795.54
CH,2022,44,769.4,839.2,811.78
CH,2022,45,839.2,839.2,839.2
CN,2022,0,360.6,360.6,360.6
CN,2022,1,360.6,399.8,368.42
CN,2022,2,360.6,417.2,373.68
CN,2022,3,360.6,438.9,380.81
CN,2022,4,360.6,459.3,388.73
CN,2022,5,360.7,481.7,397.87
CN,2022,6,361.0,493.2,407.54
CN,2022,7,361.5,523.5,418.23
CN,2022,8,361.8,545.5,430.08
CN,2022,9,362.6,556.6,443.25
CN,2022,10,363.3,582.1,457.51
CN,2022,11,367.2,591.2,473.17
CN,2022,12,369.0,598.4,489.9
CN,2022,13,373.4,611.5,507.16
CN,2022,14,372.3,620.6,525.03
CN,2022,15,386.2,629.5,542.52
CN,2022,16,399.4,641.1,559.52
CN,2022,17,416.0,651.3,575.63
CN,2022,18,422.8,657.5,590.46
CN,2022,19,436.2,663.9,604.45
CN,2022,20,471.1,673.8,617.22
CN,2022,21,506.5,681.1,628.79
CN,2022,22,536.7,689.8,639.63
CN,2022,23,562.7,693.3,649.81
CN,2022,24,586.8,699.6,659.13
CN,2022,25,599.3,709.3,667.89
CN,2022,26,604.3,719.3,676.78
CN,2022,27,624.1,727.1,684.6
CN,2022,28,613.6,728.3,692.98
CN,2022,29,646.1,737.3,700.64
CN,2022,30,644.2,746.2,708.93
CN,2022,31,664.9,753.1,716.9
CN,2022,32,672.8,758.7,725.14
CN,2022,33,686.7,771.2,733.41
CN,2022,34,691.4,777.9,742.06
CN,2022,35,699.5,795.7,750.45
CN,2022,36,715.2,803.3,760.54
CN,2022,37,724.1,825.7,769.19
CN,2022,38,728.3,825.7,779.04
CN,2022,39,742.8,857.4,790.84
CN,2022,40,751.3,844.9,802.33
CN,2022,41,772.3,868.7,816.51
CN,2022,42,777.7,868.7,825.88
CN,2022,43,838.7,875.3,857.28
CN,2022,44,868.7,868.7,868.7
CN,2022,45,875.3,875.3,875.3
LC,2022,0,270.6,280.7,275.44
LC,2022,1,270.6,320.9,283.88
LC,2022,2,270.6,349.3,293.38
LC,2022,3,270.9,365.8,304.95
LC,2022,4,271.1,391.8,316.43
LC,2022,5,271.3,404.2,328.85
LC,2022,6,273.3,421.0,341.16
LC,2022,7,273.8,434.9,354.26
LC,2022,8,273.1,450.2,367.51
LC,2022,9,275.5,459.2,381.89
LC,2022,10,280.0,471.4,396.51
LC,2022,11,284.5,481.9,411.52
LC,2022,12,282.6,492.5,426.46
LC,2022,13,302.3,503.5,440.92
LC,2022,14,308.9,513.4,454.85
LC,2022,15,326.0,526.8,467.93
LC,2022,16,316.3,533.5,480.62
LC,2022,17,351.9,542.3,492.29
LC,2022,18,350.6,552.5,503.23
LC,2022,19,396.0,559.7,513.73
LC,2022,20,405.2,568.6,523.6
LC,2022,21,439.0,578.7,533.21
LC,2022,22,450.8,582.6,542.42
LC,2022,23,472.6,593.0,551.4
LC,2022,24,490.9,599.3,560.29
LC,2022,25,501.1,614.3,568.94
LC,2022,26,515.6,620.3,577.64
LC,2022,27,524.7,632.1,586.29
LC,2022,28,537.1,642.1,594.93
LC,2022,29,543.0,646.2,603.78
LC,2022,30,553.0,654.7,612.73
LC,2022,31,560.6,666.1,621.77
LC,2022,32,574.8,677.4,631.12
LC,2022,33,578.9,688.5,640.75
LC,2022,34,597.0,698.0,650.74
LC,2022,35,602.4,708.4,661.0
LC,2022,36,624.8,721.8,672.13
LC,2022,37,631.1,730.3,683.41
LC,2022,38,653.3,742.9,695.34
LC,2022,39,664.7,754.5,708.15
LC,2022,40,676.1,761.2,721.49
LC,2022,41,707.7,778.5,738.98
LC,2022,42,731.3,789.2,754.48
LC,2022,43,747.9,797.0,768.11
LC,2022,44,785.2,801.0,793.1
MT,2022,0,336.8,336.8,336.8
MT,2022,1,336.8,384.4,345.06
MT,2022,2,336.8,411.4,354.2
MT,2022,3,336.9,441.6,364.94
MT,2022,4,336.9,481.5,375.48
MT,2022,5,337.0,526.3,387.83
MT,2022,6,337.1,557.9,401.41
MT,2022,7,337.1,582.2,417.05
MT,2022,8,337.9,602.7,435.03
MT,2022,9,337.9,623.3,454.7
MT,2022,10,339.1,640.2,476.81
MT,2022,11,338.9,659.1,500.08
MT,2022,12,346.5,670.0,524.62
MT,2022,13,352.3,681.8,549.74
MT,2022,14,358.5,695.3,574.6
MT,2022,15,361.6,707.8,598.51
MT,2022,16,378.5,716.8,621.28
MT,2022,17,389.0,729.0,642.7
MT,2022,18,402.8,744.1,662.41
MT,2022,19,437.2,751.2,680.5
MT,2022,20,428.6,767.5,697.15
MT,2022,21,466.4,782.4,712.54
MT,2022,22,508.3,798.1,727.05
MT,2022,23,482.8,807.5,740.99
MT,2022,24,508.3,820.0,754.03
MT,2022,25,551.1,834.3,767.03
MT,2022,26,618.7,841.4,779.51
MT,2022,27,679.4,853.3,791.64
MT,2022,28,722.7,859.7,803.57
MT,2022,29,735.3,870.1,815.11
MT,2022,30,759.1,878.5,826.17
MT,2022,31,773.0,885.7,837.13
MT,2022,32,770.8,898.3,847.81
MT,2022,33,799.7,907.5,859.53
MT,2022,34,806.8,925.3,870.98
MT,2022,35,818.8,931.5,882.63
MT,2022,36,837.7,944.4,895.25
MT,2022,37,848.4,955.8,908.92
MT,2022,38,848.9,967.4,921.63
MT,2022,39,880.6,973.3,936.23
MT,2022,40,888.5,978.0,947.92
MT,2022,41,896.3,981.3,960.23
MT,2022,42,936.8,983.9,968.74
MT,2022,43,958.1,985.7,978.33
MT,2022,44,985.7,985.7,985.7
MT,2023,1,328.2,336.3,369.6
MT,2023,2,328.2,343.3,399.4
MT,2023,3,328.2,350.7,431.1
MT,2023,4,328.2,359.7,455.0
MT,2023,5,328.5,370.3,483.2
MT,2023,6,328.6,382.0,505.4
MT,2023,7,328.8,395.5,524.8
MT,2023,8,329.2,410.6,545.0
MT,2023,9,330.4,428.1,562.7
MT,2023,10,331.1,447.8,582.9
MT,2023,11,332.0,469.3,596.4
MT,2023,12,332.0,492.8,616.0
MT,2023,13,332.2,517.2,633.1
MT,2023,14,341.1,541.9,643.6
MT,2023,15,343.3,565.5,656.7
MT,2023,16,349.2,588.0,666.7
MT,2023,17,362.6,608.0,678.9
MT,2023,18,382.9,626.1,687.7
MT,2023,19,388.5,642.6,698.5
MT,2023,20,449.4,656.9,709.0
MT,2023,21,446.8,670.1,715.7
MT,2023,22,531.5,682.1,724.1
MT,2023,23,573.9,693.7,734.9
MT,2023,24,621.7,704.5,740.5
MT,2023,25,640.3,714.8,749.9
MT,2023,26,642.0,724.9,757.9
MT,2023,27,666.4,734.7,768.3
MT,2023,28,689.4,744.7,776.2
MT,2023,29,696.0,754.6,786.0
MT,2023,30,708.8,764.7,796.2
MT,2023,31,726.6,775.2,809.9
MT,2023,32,730.1,785.6,818.8
MT,2023,33,753.7,796.8,828.7
MT,2023,34,767.2,808.0,837.6
MT,2023,35,782.3,819.7,852.5
MT,2023,36,794.7,831.7,865.4
MT,2023,37,801.9,845.0,882.7
MT,2023,38,821.3,858.8,891.6
MT,2023,39,833.4,873.7,909.5
MT,2023,40,854.1,890.2,923.1
MT,2023,41,870.5,907.9,935.8
MT,2023,42,891.9,927.6,947.8
MT,2023,43,917.8,945.7,958.6
MT,2023,44,958.6,958.6,958.6
MT,2023,45,958.6,958.6,958.6
CN,2023,1,323.3,338.3,374.0
CN,2023,2,323.3,351.3,410.3
CN,2023,3,323.4,364.0,440.9
CN,2023,4,323.4,376.4,464.9
CN,2023,5,323.4,388.8,492.8
CN,2023,6,323.5,401.0,512.4
CN,2023,7,323.5,414.3,527.3
CN,2023,8,323.8,427.9,539.4
CN,2023,9,324.0,442.8,550.6
CN,2023,10,324.3,458.5,562.7
CN,2023,11,324.8,474.9,575.9
CN,2023,12,325.0,491.9,588.7
CN,2023,13,327.3,509.4,598.1
CN,2023,14,330.3,526.9,606.7
CN,2023,15,327.6,544.1,613.8
CN,2023,16,338.3,560.7,621.1
CN,2023,17,339.1,576.2,628.3
CN,2023,18,366.0,590.3,640.1
CN,2023,19,363.6,603.0,646.4
CN,2023,20,419.7,614.3,655.9
CN,2023,21,463.7,624.4,659.8
CN,2023,22,479.0,633.5,668.9
CN,2023,23,504.6,641.9,672.6
CN,2023,24,590.0,649.8,681.2
CN,2023,25,600.2,657.5,687.2
CN,2023,26,624.6,664.7,692.5
CN,2023,27,634.0,671.8,699.6
CN,2023,28,643.7,679.1,704.2
CN,2023,29,649.6,686.0,714.0
CN,2023,30,661.1,693.2,721.3
CN,2023,31,667.5,700.3,727.7
CN,2023,32,670.5,707.6,731.6
CN,2023,33,686.3,715.3,742.7
CN,2023,34,692.5,722.9,750.8
CN,2023,35,700.0,731.1,761.2
CN,2023,36,711.4,739.3,766.1
CN,2023,37,719.4,748.0,778.3
CN,2023,38,725.4,757.4,791.4
CN,2023,39,738.3,767.3,798.1
CN,2023,40,747.2,778.0,809.0
CN,2023,41,763.0,790.8,816.5
CN,2023,42,772.1,805.4,833.5
CN,2023,43,783.4,823.9,844.3
CN,2023,44,806.1,845.2,856.7
CN,2023,45,868.4,868.4,868.4
CH,2023,1,293.6,301.0,336.5
CH,2023,2,293.7,308.6,368.4
CH,2023,3,293.8,316.3,380.7
CH,2023,4,294.0,324.8,402.6
CH,2023,5,294.7,333.3,409.8
CH,2023,6,294.8,342.6,426.2
CH,2023,7,295.2,353.2,437.2
CH,2023,8,296.4,365.0,448.6
CH,2023,9,296.4,377.6,460.7
CH,2023,10,298.6,391.4,472.9
CH,2023,11,300.2,405.6,483.9
CH,2023,12,306.7,420.6,493.1
CH,2023,13,313.9,435.5,507.2
CH,2023,14,311.7,449.8,509.7
CH,2023,15,320.0,463.7,521.2
CH,2023,16,313.8,476.7,532.4
CH,2023,17,343.1,488.8,538.5
CH,2023,18,340.4,500.0,544.1
CH,2023,19,380.2,510.3,558.5
CH,2023,20,391.6,520.0,563.9
CH,2023,21,397.0,529.2,571.6
CH,2023,22,446.2,537.7,583.0
CH,2023,23,462.3,546.0,588.6
CH,2023,24,479.3,553.9,594.2
CH,2023,25,501.1,561.6,601.9
CH,2023,26,516.4,569.3,609.2
CH,2023,27,527.5,576.8,617.8
CH,2023,28,539.4,584.2,624.7
CH,2023,29,545.5,591.7,631.9
CH,2023,30,553.8,599.5,644.5
CH,2023,31,564.8,607.4,651.0
CH,2023,32,572.5,615.3,656.4
CH,2023,33,577.3,624.0,665.1
CH,2023,34,587.4,632.9,674.2
CH,2023,35,595.1,642.4,684.3
CH,2023,36,602.9,652.8,695.2
CH,2023,37,611.9,663.9,703.1
CH,2023,38,620.3,676.0,716.5
CH,2023,39,630.8,689.2,730.4
CH,2023,40,647.5,704.1,743.4
CH,2023,41,664.9,720.9,757.0
CH,2023,42,679.2,740.2,772.6
CH,2023,43,706.8,762.8,788.0
CH,2023,44,743.1,791.4,805.1
CH,2023,45,823.0,823.0,823.0
LC,2023,1,287.2,294.8,346.1
LC,2023,2,287.6,303.2,367.3
LC,2023,3,288.0,313.2,384.2
LC,2023,4,288.2,321.4,392.8
LC,2023,5,288.7,332.5,408.3
LC,2023,6,289.8,344.3,419.5
LC,2023,7,290.9,356.9,431.8
LC,2023,8,290.9,369.9,442.2
LC,2023,9,294.2,383.8,450.7
LC,2023,10,295.4,398.0,459.9
LC,2023,11,296.7,411.9,471.8
LC,2023,12,302.5,426.0,481.6
LC,2023,13,302.6,439.1,490.4
LC,2023,14,308.1,452.0,503.9
LC,2023,15,318.8,463.7,511.5
LC,2023,16,323.1,475.2,520.7
LC,2023,17,324.2,485.8,530.0
LC,2023,18,366.7,495.8,536.9
LC,2023,19,366.5,505.2,548.1
LC,2023,20,406.9,514.1,555.7
LC,2023,21,399.4,522.8,560.3
LC,2023,22,453.2,531.0,569.4
LC,2023,23,469.9,539.1,578.6
LC,2023,24,481.8,547.1,580.9
LC,2023,25,496.1,555.0,588.7
LC,2023,26,506.0,562.9,598.0
LC,2023,27,514.2,570.8,605.7
LC,2023,28,531.3,578.9,612.6
LC,2023,29,540.5,587.0,619.2
LC,2023,30,547.2,595.3,628.0
LC,2023,31,550.4,603.8,636.1
LC,2023,32,567.8,612.7,642.1
LC,2023,33,571.7,622.0,651.9
LC,2023,34,582.0,631.6,659.5
LC,2023,35,592.8,641.9,670.3
LC,2023,36,599.0,652.8,679.6
LC,2023,37,615.8,664.3,690.2
LC,2023,38,628.8,676.8,704.5
LC,2023,39,640.8,690.2,717.0
LC,2023,40,652.8,704.8,735.5
LC,2023,41,688.6,721.0,749.2
LC,2023,42,703.4,738.5,767.9
LC,2023,43,731.8,758.9,783.3
LC,2023,44,768.9,788.3,803.1
